{
  "configurations": [
    {
      "name": "Win32 – MSVC",
      "includePath": [
        "${workspaceFolder}/**"
      ],
      "defines": [
        "_DEBUG",
        "UNICODE",
        "_UNICODE"
      ],
      "windowsSdkVersion": "10.0.26100.0",
      "compilerPath": "C:\\Program Files (x86)\\Microsoft Visual Studio\\2022\\BuildTools\\VC\\Tools\\MSVC\\14.44.35207\\bin\\Hostx64\\x64\\cl.exe",
      "cStandard": "c17",
      "cppStandard": "c++17",
      "intelliSenseMode": "windows-msvc-x64"
    },
    {
      "name": "Win32 – MinGW",
      "includePath": [
        "${workspaceFolder}/**"
      ],
      "defines": [],
      "compilerPath": "C:\\Program Files (x86)\\MinGW\\bin\\g++.exe",
      "cStandard": "c17",
      "cppStandard": "c++17",
      "intelliSenseMode": "windows-gcc-x64"
    }
  ],
  "version": 4
}