{
  "tasks": [
    {
      "type": "cppbuild",
      "label": "C/C++: g++.exe build active file",
      "command": "C:\\Program Files (x86)\\MinGW\\bin\\g++.exe",
      "args": [
        "-fdiagnostics-color=always",
        "-g",
        // Lista de fuentes a compilar
        "${workspaceFolder}/src/main.cpp",
        "${workspaceFolder}/src/PointerExamples.cpp",
        // Incluir headers
        "-I",
        "${workspaceFolder}/include",
        // Salida en carpeta build
        "-o",
        "${workspaceFolder}/build/pointers_demo.exe"
      ],
      "options": {
        "cwd": "${workspaceFolder}"
      },
      "problemMatcher": [
        "$gcc"
      ],
      "group": {
        "kind": "build",
        "isDefault": true
      },
      "detail": "Task generated by Debugger."
    }
  ],
  "version": "2.0.0"
}